--------------------------------------------------------
--  File created - Tuesday-June-18-2019   
--------------------------------------------------------
--------------------------------------------------------
--  DDL for Sequence BUILDING_SEQ
--------------------------------------------------------

   CREATE SEQUENCE  "BUILDING_SEQ"  MINVALUE 1 MAXVALUE 9999999999999999999999999999 INCREMENT BY 1 START WITH 141 CACHE 20 NOORDER  NOCYCLE ;
/
--------------------------------------------------------
--  DDL for Sequence COURSE_SEQ
--------------------------------------------------------

   CREATE SEQUENCE  "COURSE_SEQ"  MINVALUE 1 MAXVALUE 9999999999999999999999999999 INCREMENT BY 1 START WITH 381 CACHE 20 NOORDER  NOCYCLE ;
/
--------------------------------------------------------
--  DDL for Sequence DEPARTMENT_SEQ
--------------------------------------------------------

   CREATE SEQUENCE  "DEPARTMENT_SEQ"  MINVALUE 1 MAXVALUE 9999999999999999999999999999 INCREMENT BY 1 START WITH 161 CACHE 20 NOORDER  NOCYCLE ;
/
--------------------------------------------------------
--  DDL for Sequence EMPLOYEE_SEQ
--------------------------------------------------------

   CREATE SEQUENCE  "EMPLOYEE_SEQ"  MINVALUE 1 MAXVALUE 9999999999999999999999999999 INCREMENT BY 1 START WITH 61 CACHE 20 NOORDER  NOCYCLE ;
/
--------------------------------------------------------
--  DDL for Sequence EMPLOYEE_SEQ1
--------------------------------------------------------

   CREATE SEQUENCE  "EMPLOYEE_SEQ1"  MINVALUE 1 MAXVALUE 9999999999999999999999999999 INCREMENT BY 1 START WITH 301 CACHE 20 NOORDER  NOCYCLE ;
/
--------------------------------------------------------
--  DDL for Sequence EQUIPMENT_SEQ
--------------------------------------------------------

   CREATE SEQUENCE  "EQUIPMENT_SEQ"  MINVALUE 1 MAXVALUE 9999999999999999999999999999 INCREMENT BY 1 START WITH 21 CACHE 20 NOORDER  NOCYCLE ;
/
--------------------------------------------------------
--  DDL for Sequence FLOOR_SEQ
--------------------------------------------------------

   CREATE SEQUENCE  "FLOOR_SEQ"  MINVALUE 1 MAXVALUE 9999999999999999999999999999 INCREMENT BY 1 START WITH 101 CACHE 20 NOORDER  NOCYCLE ;
/
--------------------------------------------------------
--  DDL for Sequence GRADE_SCHEDULE_SEQ
--------------------------------------------------------

   CREATE SEQUENCE  "GRADE_SCHEDULE_SEQ"  MINVALUE 1 MAXVALUE 9999999999999999999999999999 INCREMENT BY 1 START WITH 1 CACHE 20 NOORDER  NOCYCLE ;
/
--------------------------------------------------------
--  DDL for Sequence GRADE_SCHEDULE_SEQ1
--------------------------------------------------------

   CREATE SEQUENCE  "GRADE_SCHEDULE_SEQ1"  MINVALUE 1 MAXVALUE 9999999999999999999999999999 INCREMENT BY 1 START WITH 181 CACHE 20 NOORDER  NOCYCLE ;
/
--------------------------------------------------------
--  DDL for Sequence LOCATION_SEQ
--------------------------------------------------------

   CREATE SEQUENCE  "LOCATION_SEQ"  MINVALUE 1 MAXVALUE 9999999999999999999999999999 INCREMENT BY 1 START WITH 101 CACHE 20 NOORDER  NOCYCLE ;
/
--------------------------------------------------------
--  DDL for Sequence LOCATION_TYPE_SEQ
--------------------------------------------------------

   CREATE SEQUENCE  "LOCATION_TYPE_SEQ"  MINVALUE 1 MAXVALUE 9999999999999999999999999999 INCREMENT BY 1 START WITH 101 CACHE 20 NOORDER  NOCYCLE ;
/
--------------------------------------------------------
--  DDL for Sequence ROLE_SEQ
--------------------------------------------------------

   CREATE SEQUENCE  "ROLE_SEQ"  MINVALUE 1 MAXVALUE 9999999999999999999999999999 INCREMENT BY 1 START WITH 41 CACHE 20 NOORDER  NOCYCLE ;
/
--------------------------------------------------------
--  DDL for Sequence ROLE_SEQ1
--------------------------------------------------------

   CREATE SEQUENCE  "ROLE_SEQ1"  MINVALUE 1 MAXVALUE 9999999999999999999999999999 INCREMENT BY 1 START WITH 21 CACHE 20 NOORDER  NOCYCLE ;
/
--------------------------------------------------------
--  DDL for Sequence ROLE_SEQ2
--------------------------------------------------------

   CREATE SEQUENCE  "ROLE_SEQ2"  MINVALUE 1 MAXVALUE 9999999999999999999999999999 INCREMENT BY 1 START WITH 1 CACHE 20 NOORDER  NOCYCLE ;
/
--------------------------------------------------------
--  DDL for Sequence ROLE_SEQ3
--------------------------------------------------------

   CREATE SEQUENCE  "ROLE_SEQ3"  MINVALUE 1 MAXVALUE 9999999999999999999999999999 INCREMENT BY 1 START WITH 101 CACHE 20 NOORDER  NOCYCLE ;
/
--------------------------------------------------------
--  DDL for Sequence SCREEN_SEQ
--------------------------------------------------------

   CREATE SEQUENCE  "SCREEN_SEQ"  MINVALUE 1 MAXVALUE 9999999999999999999999999999 INCREMENT BY 1 START WITH 1 CACHE 20 NOORDER  NOCYCLE ;
/
--------------------------------------------------------
--  DDL for Sequence SLOT_SEQ
--------------------------------------------------------

   CREATE SEQUENCE  "SLOT_SEQ"  MINVALUE 1 MAXVALUE 9999999999999999999999999999 INCREMENT BY 1 START WITH 2001 CACHE 20 NOORDER  NOCYCLE ;
/
--------------------------------------------------------
--  DDL for Sequence TEST_SEQ
--------------------------------------------------------

   CREATE SEQUENCE  "TEST_SEQ"  MINVALUE 1 MAXVALUE 9999999999999999999999999999 INCREMENT BY 1 START WITH 21 CACHE 20 NOORDER  NOCYCLE ;
/
--------------------------------------------------------
--  DDL for Sequence USERS_SEQ
--------------------------------------------------------

   CREATE SEQUENCE  "USERS_SEQ"  MINVALUE 1 MAXVALUE 9999999999999999999999999999 INCREMENT BY 1 START WITH 313 CACHE 20 NOORDER  NOCYCLE ;
/
--------------------------------------------------------
--  DDL for Table BUILDING
--------------------------------------------------------

  CREATE TABLE "BUILDING" 
   (	"B_ID" NUMBER, 
	"CODE" VARCHAR2(20 CHAR), 
	"DESCRIPTION" VARCHAR2(50 CHAR), 
	"INSERTED_BY" VARCHAR2(50 CHAR), 
	"UPDATED_BY" VARCHAR2(50 CHAR), 
	"INSERTION_DATE" DATE, 
	"UPDATE_DATE" DATE
   ) SEGMENT CREATION IMMEDIATE 
  PCTFREE 10 PCTUSED 40 INITRANS 1 MAXTRANS 255 NOCOMPRESS LOGGING
  STORAGE(INITIAL 65536 NEXT 1048576 MINEXTENTS 1 MAXEXTENTS 2147483645
  PCTINCREASE 0 FREELISTS 1 FREELIST GROUPS 1 BUFFER_POOL DEFAULT FLASH_CACHE DEFAULT CELL_FLASH_CACHE DEFAULT)
  TABLESPACE "SYSTEM" ;
/
--------------------------------------------------------
--  DDL for Table COURSE
--------------------------------------------------------

  CREATE TABLE "COURSE" 
   (	"ID" NUMBER, 
	"CODE" VARCHAR2(20 CHAR), 
	"NAME" VARCHAR2(120 CHAR), 
	"DESCRIPTION" VARCHAR2(50 CHAR), 
	"INSERTED_BY" VARCHAR2(50 CHAR), 
	"UPDATED_BY" VARCHAR2(50 CHAR), 
	"INSERTION_DATE" DATE, 
	"UPDATE_DATE" DATE, 
	"HOURS_PER_WEEK" NUMBER, 
	"LT_CODE" VARCHAR2(20)
   ) SEGMENT CREATION IMMEDIATE 
  PCTFREE 10 PCTUSED 40 INITRANS 1 MAXTRANS 255 NOCOMPRESS LOGGING
  STORAGE(INITIAL 65536 NEXT 1048576 MINEXTENTS 1 MAXEXTENTS 2147483645
  PCTINCREASE 0 FREELISTS 1 FREELIST GROUPS 1 BUFFER_POOL DEFAULT FLASH_CACHE DEFAULT CELL_FLASH_CACHE DEFAULT)
  TABLESPACE "SYSTEM" ;
/
--------------------------------------------------------
--  DDL for Table COURSE_DEPARTMENT
--------------------------------------------------------

  CREATE TABLE "COURSE_DEPARTMENT" 
   (	"COURSE_CODE" VARCHAR2(20), 
	"D_CODE" VARCHAR2(20)
   ) SEGMENT CREATION IMMEDIATE 
  PCTFREE 10 PCTUSED 40 INITRANS 1 MAXTRANS 255 NOCOMPRESS LOGGING
  STORAGE(INITIAL 65536 NEXT 1048576 MINEXTENTS 1 MAXEXTENTS 2147483645
  PCTINCREASE 0 FREELISTS 1 FREELIST GROUPS 1 BUFFER_POOL DEFAULT FLASH_CACHE DEFAULT CELL_FLASH_CACHE DEFAULT)
  TABLESPACE "SYSTEM" ;
/
--------------------------------------------------------
--  DDL for Table COURSE_TEACHING
--------------------------------------------------------

  CREATE TABLE "COURSE_TEACHING" 
   (	"STAFF_ID" NUMBER, 
	"COURSE_ID" NUMBER
   ) SEGMENT CREATION IMMEDIATE 
  PCTFREE 10 PCTUSED 40 INITRANS 1 MAXTRANS 255 NOCOMPRESS LOGGING
  STORAGE(INITIAL 65536 NEXT 1048576 MINEXTENTS 1 MAXEXTENTS 2147483645
  PCTINCREASE 0 FREELISTS 1 FREELIST GROUPS 1 BUFFER_POOL DEFAULT FLASH_CACHE DEFAULT CELL_FLASH_CACHE DEFAULT)
  TABLESPACE "SYSTEM" ;
/
--------------------------------------------------------
--  DDL for Table DEGREE
--------------------------------------------------------

  CREATE TABLE "DEGREE" 
   (	"ID" NUMBER, 
	"DEGREE" VARCHAR2(50 CHAR)
   ) SEGMENT CREATION IMMEDIATE 
  PCTFREE 10 PCTUSED 40 INITRANS 1 MAXTRANS 255 NOCOMPRESS LOGGING
  STORAGE(INITIAL 65536 NEXT 1048576 MINEXTENTS 1 MAXEXTENTS 2147483645
  PCTINCREASE 0 FREELISTS 1 FREELIST GROUPS 1 BUFFER_POOL DEFAULT FLASH_CACHE DEFAULT CELL_FLASH_CACHE DEFAULT)
  TABLESPACE "SYSTEM" ;
/
--------------------------------------------------------
--  DDL for Table DEPARTMENT
--------------------------------------------------------

  CREATE TABLE "DEPARTMENT" 
   (	"D_ID" NUMBER, 
	"CODE" VARCHAR2(30 CHAR), 
	"NAME" VARCHAR2(20 CHAR), 
	"MANAGER_ID" NUMBER, 
	"INSERTED_BY" VARCHAR2(50 CHAR), 
	"UPDATED_BY" VARCHAR2(50 CHAR), 
	"INSERTION_DATE" DATE, 
	"UPDATE_DATE" DATE
   ) SEGMENT CREATION IMMEDIATE 
  PCTFREE 10 PCTUSED 40 INITRANS 1 MAXTRANS 255 NOCOMPRESS LOGGING
  STORAGE(INITIAL 65536 NEXT 1048576 MINEXTENTS 1 MAXEXTENTS 2147483645
  PCTINCREASE 0 FREELISTS 1 FREELIST GROUPS 1 BUFFER_POOL DEFAULT FLASH_CACHE DEFAULT CELL_FLASH_CACHE DEFAULT)
  TABLESPACE "SYSTEM" ;
/
--------------------------------------------------------
--  DDL for Table DEPARTMENT_BUILDING
--------------------------------------------------------

  CREATE TABLE "DEPARTMENT_BUILDING" 
   (	"ID_BUILDING" NUMBER, 
	"CODE_DEPARTMENT" VARCHAR2(20)
   ) SEGMENT CREATION IMMEDIATE 
  PCTFREE 10 PCTUSED 40 INITRANS 1 MAXTRANS 255 NOCOMPRESS LOGGING
  STORAGE(INITIAL 65536 NEXT 1048576 MINEXTENTS 1 MAXEXTENTS 2147483645
  PCTINCREASE 0 FREELISTS 1 FREELIST GROUPS 1 BUFFER_POOL DEFAULT FLASH_CACHE DEFAULT CELL_FLASH_CACHE DEFAULT)
  TABLESPACE "SYSTEM" ;
/
--------------------------------------------------------
--  DDL for Table EMPLOYEE
--------------------------------------------------------

  CREATE TABLE "EMPLOYEE" 
   (	"POSITION" VARCHAR2(20), 
	"FNAME" VARCHAR2(20), 
	"SNAME" VARCHAR2(20), 
	"TNAME" VARCHAR2(20), 
	"FAMILY_NAME" VARCHAR2(20), 
	"ID" NUMBER, 
	"INSERTED_BY" VARCHAR2(50 CHAR), 
	"UPDATED_BY" VARCHAR2(50), 
	"ISERTED_DATE" DATE, 
	"UPDATED_DATE" DATE, 
	"EMAIL" VARCHAR2(20), 
	"DEP_CODE" VARCHAR2(20)
   ) SEGMENT CREATION IMMEDIATE 
  PCTFREE 10 PCTUSED 40 INITRANS 1 MAXTRANS 255 NOCOMPRESS LOGGING
  STORAGE(INITIAL 65536 NEXT 1048576 MINEXTENTS 1 MAXEXTENTS 2147483645
  PCTINCREASE 0 FREELISTS 1 FREELIST GROUPS 1 BUFFER_POOL DEFAULT FLASH_CACHE DEFAULT CELL_FLASH_CACHE DEFAULT)
  TABLESPACE "SYSTEM" ;
/
--------------------------------------------------------
--  DDL for Table EQUIPMENT
--------------------------------------------------------

  CREATE TABLE "EQUIPMENT" 
   (	"ID" NUMBER, 
	"CODE" VARCHAR2(20 CHAR), 
	"TYPE" VARCHAR2(20 CHAR), 
	"LIFE_SPAN" VARCHAR2(20 CHAR), 
	"USING_START_TIME" DATE, 
	"INERTED_BY" VARCHAR2(50 CHAR), 
	"UPDATED_BY" VARCHAR2(50 CHAR), 
	"INSERTION_DATE" DATE, 
	"UPDATE_DATE" DATE, 
	"LOCATION_ID" NUMBER
   ) SEGMENT CREATION IMMEDIATE 
  PCTFREE 10 PCTUSED 40 INITRANS 1 MAXTRANS 255 NOCOMPRESS LOGGING
  STORAGE(INITIAL 65536 NEXT 1048576 MINEXTENTS 1 MAXEXTENTS 2147483645
  PCTINCREASE 0 FREELISTS 1 FREELIST GROUPS 1 BUFFER_POOL DEFAULT FLASH_CACHE DEFAULT CELL_FLASH_CACHE DEFAULT)
  TABLESPACE "SYSTEM" ;
/
--------------------------------------------------------
--  DDL for Table FLOOR
--------------------------------------------------------

  CREATE TABLE "FLOOR" 
   (	"ID" NUMBER, 
	"CODE" VARCHAR2(20 CHAR), 
	"DESCRIPTON" VARCHAR2(50 CHAR), 
	"ID_BUILDING" NUMBER, 
	"LOCATIONS_NUMBER" NUMBER, 
	"INSERTED_BY" VARCHAR2(50 CHAR), 
	"UPDATED_BY" VARCHAR2(50 CHAR), 
	"INSERTION_DATE" DATE, 
	"UPDATE_DATE" DATE
   ) SEGMENT CREATION IMMEDIATE 
  PCTFREE 10 PCTUSED 40 INITRANS 1 MAXTRANS 255 NOCOMPRESS LOGGING
  STORAGE(INITIAL 65536 NEXT 1048576 MINEXTENTS 1 MAXEXTENTS 2147483645
  PCTINCREASE 0 FREELISTS 1 FREELIST GROUPS 1 BUFFER_POOL DEFAULT FLASH_CACHE DEFAULT CELL_FLASH_CACHE DEFAULT)
  TABLESPACE "SYSTEM" ;
/
--------------------------------------------------------
--  DDL for Table GRADE_SCHEDULE
--------------------------------------------------------

  CREATE TABLE "GRADE_SCHEDULE" 
   (	"SCHEDULECODE" VARCHAR2(50 CHAR), 
	"ACADEMIC_YEAR" NUMBER, 
	"STUDENTS_NUMBER" NUMBER, 
	"ID" NUMBER, 
	"DEPARTMENT_CODE" VARCHAR2(50), 
	"INSERTED_BY" VARCHAR2(60), 
	"INSERTION_DATE" DATE, 
	"UPDATED_BY" VARCHAR2(60), 
	"UBDATE_DATE" DATE
   ) SEGMENT CREATION IMMEDIATE 
  PCTFREE 10 PCTUSED 40 INITRANS 1 MAXTRANS 255 NOCOMPRESS LOGGING
  STORAGE(INITIAL 65536 NEXT 1048576 MINEXTENTS 1 MAXEXTENTS 2147483645
  PCTINCREASE 0 FREELISTS 1 FREELIST GROUPS 1 BUFFER_POOL DEFAULT FLASH_CACHE DEFAULT CELL_FLASH_CACHE DEFAULT)
  TABLESPACE "SYSTEM" ;
/
--------------------------------------------------------
--  DDL for Table LOCATION
--------------------------------------------------------

  CREATE TABLE "LOCATION" 
   (	"L_ID" NUMBER, 
	"CODE" VARCHAR2(20 CHAR), 
	"DESCRIPTION" VARCHAR2(20 CHAR), 
	"CAPACITY" NUMBER, 
	"TYPE_ID" NUMBER, 
	"FLOOR_ID" NUMBER, 
	"INSERTED_BY" VARCHAR2(50 CHAR), 
	"UPDATED_BY" VARCHAR2(50 CHAR), 
	"INSERTION_DATE" DATE, 
	"UPDATE_DATE" DATE
   ) SEGMENT CREATION IMMEDIATE 
  PCTFREE 10 PCTUSED 40 INITRANS 1 MAXTRANS 255 NOCOMPRESS LOGGING
  STORAGE(INITIAL 65536 NEXT 1048576 MINEXTENTS 1 MAXEXTENTS 2147483645
  PCTINCREASE 0 FREELISTS 1 FREELIST GROUPS 1 BUFFER_POOL DEFAULT FLASH_CACHE DEFAULT CELL_FLASH_CACHE DEFAULT)
  TABLESPACE "SYSTEM" ;
/
--------------------------------------------------------
--  DDL for Table LOCATION_SLOT
--------------------------------------------------------

  CREATE TABLE "LOCATION_SLOT" 
   (	"LOCATION_ID" NUMBER, 
	"SLOT_ID" NUMBER, 
	"SLOT_CODE" VARCHAR2(20)
   ) SEGMENT CREATION IMMEDIATE 
  PCTFREE 10 PCTUSED 40 INITRANS 1 MAXTRANS 255 NOCOMPRESS LOGGING
  STORAGE(INITIAL 65536 NEXT 1048576 MINEXTENTS 1 MAXEXTENTS 2147483645
  PCTINCREASE 0 FREELISTS 1 FREELIST GROUPS 1 BUFFER_POOL DEFAULT FLASH_CACHE DEFAULT CELL_FLASH_CACHE DEFAULT)
  TABLESPACE "SYSTEM" ;
/
--------------------------------------------------------
--  DDL for Table LOCATION_TYPE
--------------------------------------------------------

  CREATE TABLE "LOCATION_TYPE" 
   (	"T_ID" NUMBER, 
	"DESCRIPTION" VARCHAR2(20 CHAR), 
	"INSERTED_BY" VARCHAR2(50 CHAR), 
	"UPDATED_BY" VARCHAR2(50 CHAR), 
	"INSERTION_DATE" DATE, 
	"UPDATE_DATE" DATE, 
	"CODE" VARCHAR2(20)
   ) SEGMENT CREATION IMMEDIATE 
  PCTFREE 10 PCTUSED 40 INITRANS 1 MAXTRANS 255 NOCOMPRESS LOGGING
  STORAGE(INITIAL 65536 NEXT 1048576 MINEXTENTS 1 MAXEXTENTS 2147483645
  PCTINCREASE 0 FREELISTS 1 FREELIST GROUPS 1 BUFFER_POOL DEFAULT FLASH_CACHE DEFAULT CELL_FLASH_CACHE DEFAULT)
  TABLESPACE "SYSTEM" ;
/
--------------------------------------------------------
--  DDL for Table ROLE
--------------------------------------------------------

  CREATE TABLE "ROLE" 
   (	"ROLEID" NUMBER, 
	"CODE" VARCHAR2(30 CHAR), 
	"DESCRIPTION" VARCHAR2(50 CHAR), 
	"INSERTED_BY" VARCHAR2(50 CHAR), 
	"INSERTION_DATE" DATE, 
	"UPDATE_DATE" DATE, 
	"UPDATED_BY" VARCHAR2(50)
   ) SEGMENT CREATION IMMEDIATE 
  PCTFREE 10 PCTUSED 40 INITRANS 1 MAXTRANS 255 NOCOMPRESS LOGGING
  STORAGE(INITIAL 65536 NEXT 1048576 MINEXTENTS 1 MAXEXTENTS 2147483645
  PCTINCREASE 0 FREELISTS 1 FREELIST GROUPS 1 BUFFER_POOL DEFAULT FLASH_CACHE DEFAULT CELL_FLASH_CACHE DEFAULT)
  TABLESPACE "SYSTEM" ;
/
--------------------------------------------------------
--  DDL for Table ROLE_SCREEN
--------------------------------------------------------

  CREATE TABLE "ROLE_SCREEN" 
   (	"ROLEID" NUMBER, 
	"SCREENID" NUMBER, 
	"PERMISSIONTYPE" NUMBER
   ) SEGMENT CREATION IMMEDIATE 
  PCTFREE 10 PCTUSED 40 INITRANS 1 MAXTRANS 255 NOCOMPRESS LOGGING
  STORAGE(INITIAL 65536 NEXT 1048576 MINEXTENTS 1 MAXEXTENTS 2147483645
  PCTINCREASE 0 FREELISTS 1 FREELIST GROUPS 1 BUFFER_POOL DEFAULT FLASH_CACHE DEFAULT CELL_FLASH_CACHE DEFAULT)
  TABLESPACE "SYSTEM" ;
/
--------------------------------------------------------
--  DDL for Table SCREEN
--------------------------------------------------------

  CREATE TABLE "SCREEN" 
   (	"SCREENID" NUMBER, 
	"DESCRIPTION" VARCHAR2(50 CHAR)
   ) SEGMENT CREATION IMMEDIATE 
  PCTFREE 10 PCTUSED 40 INITRANS 1 MAXTRANS 255 NOCOMPRESS LOGGING
  STORAGE(INITIAL 65536 NEXT 1048576 MINEXTENTS 1 MAXEXTENTS 2147483645
  PCTINCREASE 0 FREELISTS 1 FREELIST GROUPS 1 BUFFER_POOL DEFAULT FLASH_CACHE DEFAULT CELL_FLASH_CACHE DEFAULT)
  TABLESPACE "SYSTEM" ;
/
--------------------------------------------------------
--  DDL for Table SLOT
--------------------------------------------------------

  CREATE TABLE "SLOT" 
   (	"ID" NUMBER, 
	"COURSE_CODE" VARCHAR2(20), 
	"STAFF_EMAIL" VARCHAR2(120), 
	"STAFF_EMAIL2" VARCHAR2(200), 
	"CODE" NUMBER, 
	"TYPE" VARCHAR2(60), 
	"PREFSPACE" VARCHAR2(200), 
	"S_CODE" VARCHAR2(20)
   ) SEGMENT CREATION IMMEDIATE 
  PCTFREE 10 PCTUSED 40 INITRANS 1 MAXTRANS 255 NOCOMPRESS LOGGING
  STORAGE(INITIAL 65536 NEXT 1048576 MINEXTENTS 1 MAXEXTENTS 2147483645
  PCTINCREASE 0 FREELISTS 1 FREELIST GROUPS 1 BUFFER_POOL DEFAULT FLASH_CACHE DEFAULT CELL_FLASH_CACHE DEFAULT)
  TABLESPACE "SYSTEM" ;
/
--------------------------------------------------------
--  DDL for Table USERS
--------------------------------------------------------

  CREATE TABLE "USERS" 
   (	"USERNAME" VARCHAR2(50), 
	"PASSWORD" VARCHAR2(50), 
	"ROLE_ID" NUMBER, 
	"INSERTION_DATE" DATE, 
	"UPDATE_DATE" DATE, 
	"INSERTED_BY" VARCHAR2(50), 
	"UPDATED_BY" VARCHAR2(50), 
	"ID" NUMBER, 
	"EMP_ID" NUMBER, 
	"EMAIL" VARCHAR2(150)
   ) SEGMENT CREATION IMMEDIATE 
  PCTFREE 10 PCTUSED 40 INITRANS 1 MAXTRANS 255 NOCOMPRESS LOGGING
  STORAGE(INITIAL 65536 NEXT 1048576 MINEXTENTS 1 MAXEXTENTS 2147483645
  PCTINCREASE 0 FREELISTS 1 FREELIST GROUPS 1 BUFFER_POOL DEFAULT FLASH_CACHE DEFAULT CELL_FLASH_CACHE DEFAULT)
  TABLESPACE "SYSTEM" ;
/
REM INSERTING into BUILDING
SET DEFINE OFF;
Insert into BUILDING (B_ID,CODE,DESCRIPTION,INSERTED_BY,UPDATED_BY,INSERTION_DATE,UPDATE_DATE) values (45,'epe ','this will be  for Electircal power Engineering ','ggg','ggg',to_timestamp('22-MAY-19','DD-MON-RR HH.MI.SSXFF AM'),to_timestamp('22-MAY-19','DD-MON-RR HH.MI.SSXFF AM'));
Insert into BUILDING (B_ID,CODE,DESCRIPTION,INSERTED_BY,UPDATED_BY,INSERTION_DATE,UPDATE_DATE) values (65,'cse','this willl be for computer and system  ','ggg','ggg',to_timestamp('29-MAY-19','DD-MON-RR HH.MI.SSXFF AM'),to_timestamp('29-MAY-19','DD-MON-RR HH.MI.SSXFF AM'));
Insert into BUILDING (B_ID,CODE,DESCRIPTION,INSERTED_BY,UPDATED_BY,INSERTION_DATE,UPDATE_DATE) values (1,'civil','this will be  for civil Engineering ','ggg','ggg',to_timestamp('22-MAY-19','DD-MON-RR HH.MI.SSXFF AM'),to_timestamp('22-MAY-19','DD-MON-RR HH.MI.SSXFF AM'));
Insert into BUILDING (B_ID,CODE,DESCRIPTION,INSERTED_BY,UPDATED_BY,INSERTION_DATE,UPDATE_DATE) values (3,'elec',null,null,null,null,null);
Insert into BUILDING (B_ID,CODE,DESCRIPTION,INSERTED_BY,UPDATED_BY,INSERTION_DATE,UPDATE_DATE) values (2,'arch','this will be for arch','ggg','ggg',to_timestamp('29-MAY-19','DD-MON-RR HH.MI.SSXFF AM'),to_timestamp('29-MAY-19','DD-MON-RR HH.MI.SSXFF AM'));
Insert into BUILDING (B_ID,CODE,DESCRIPTION,INSERTED_BY,UPDATED_BY,INSERTION_DATE,UPDATE_DATE) values (4,'mech',null,null,null,null,null);
Insert into BUILDING (B_ID,CODE,DESCRIPTION,INSERTED_BY,UPDATED_BY,INSERTION_DATE,UPDATE_DATE) values (121,'wwwb','ew ','ggg',null,to_timestamp('10-JUN-19','DD-MON-RR HH.MI.SSXFF AM'),null);
REM INSERTING into COURSE
SET DEFINE OFF;
Insert into COURSE (ID,CODE,NAME,DESCRIPTION,INSERTED_BY,UPDATED_BY,INSERTION_DATE,UPDATE_DATE,HOURS_PER_WEEK,LT_CODE) values (362,'MAT102','Calculus III and Linar Algebra',null,'ggg','ggg',to_timestamp('12-JUN-19','DD-MON-RR HH.MI.SSXFF AM'),to_timestamp('12-JUN-19','DD-MON-RR HH.MI.SSXFF AM'),null,'0');
Insert into COURSE (ID,CODE,NAME,DESCRIPTION,INSERTED_BY,UPDATED_BY,INSERTION_DATE,UPDATE_DATE,HOURS_PER_WEEK,LT_CODE) values (363,null,null,null,'ggg',null,to_timestamp('12-JUN-19','DD-MON-RR HH.MI.SSXFF AM'),null,null,null);
Insert into COURSE (ID,CODE,NAME,DESCRIPTION,INSERTED_BY,UPDATED_BY,INSERTION_DATE,UPDATE_DATE,HOURS_PER_WEEK,LT_CODE) values (364,'MAT101','Mechanical Engineering1',null,'ggg','ggg',to_timestamp('12-JUN-19','DD-MON-RR HH.MI.SSXFF AM'),to_timestamp('12-JUN-19','DD-MON-RR HH.MI.SSXFF AM'),null,'0');
Insert into COURSE (ID,CODE,NAME,DESCRIPTION,INSERTED_BY,UPDATED_BY,INSERTION_DATE,UPDATE_DATE,HOURS_PER_WEEK,LT_CODE) values (365,'MAT 101','Calculus III ',null,'ggg','ggg',to_timestamp('12-JUN-19','DD-MON-RR HH.MI.SSXFF AM'),to_timestamp('12-JUN-19','DD-MON-RR HH.MI.SSXFF AM'),null,'0');
Insert into COURSE (ID,CODE,NAME,DESCRIPTION,INSERTED_BY,UPDATED_BY,INSERTION_DATE,UPDATE_DATE,HOURS_PER_WEEK,LT_CODE) values (366,'PHY 103555','Calculus III and Linar Algebra',null,'ggg','ggg',to_timestamp('12-JUN-19','DD-MON-RR HH.MI.SSXFF AM'),to_timestamp('12-JUN-19','DD-MON-RR HH.MI.SSXFF AM'),null,'0');
Insert into COURSE (ID,CODE,NAME,DESCRIPTION,INSERTED_BY,UPDATED_BY,INSERTION_DATE,UPDATE_DATE,HOURS_PER_WEEK,LT_CODE) values (367,'PHY 103555 ','oscillation and optics',null,'ggg','ggg',to_timestamp('12-JUN-19','DD-MON-RR HH.MI.SSXFF AM'),to_timestamp('12-JUN-19','DD-MON-RR HH.MI.SSXFF AM'),null,'0');
Insert into COURSE (ID,CODE,NAME,DESCRIPTION,INSERTED_BY,UPDATED_BY,INSERTION_DATE,UPDATE_DATE,HOURS_PER_WEEK,LT_CODE) values (368,'MPE105','Mechanical Engineering1',null,'ggg','ggg',to_timestamp('12-JUN-19','DD-MON-RR HH.MI.SSXFF AM'),to_timestamp('12-JUN-19','DD-MON-RR HH.MI.SSXFF AM'),null,'0');
Insert into COURSE (ID,CODE,NAME,DESCRIPTION,INSERTED_BY,UPDATED_BY,INSERTION_DATE,UPDATE_DATE,HOURS_PER_WEEK,LT_CODE) values (369,null,null,null,'ggg',null,to_timestamp('12-JUN-19','DD-MON-RR HH.MI.SSXFF AM'),null,null,null);
Insert into COURSE (ID,CODE,NAME,DESCRIPTION,INSERTED_BY,UPDATED_BY,INSERTION_DATE,UPDATE_DATE,HOURS_PER_WEEK,LT_CODE) values (370,null,null,null,'ggg',null,to_timestamp('12-JUN-19','DD-MON-RR HH.MI.SSXFF AM'),null,null,null);
Insert into COURSE (ID,CODE,NAME,DESCRIPTION,INSERTED_BY,UPDATED_BY,INSERTION_DATE,UPDATE_DATE,HOURS_PER_WEEK,LT_CODE) values (371,null,null,null,'ggg',null,to_timestamp('12-JUN-19','DD-MON-RR HH.MI.SSXFF AM'),null,null,null);
Insert into COURSE (ID,CODE,NAME,DESCRIPTION,INSERTED_BY,UPDATED_BY,INSERTION_DATE,UPDATE_DATE,HOURS_PER_WEEK,LT_CODE) values (372,null,null,null,'ggg',null,to_timestamp('12-JUN-19','DD-MON-RR HH.MI.SSXFF AM'),null,null,null);
Insert into COURSE (ID,CODE,NAME,DESCRIPTION,INSERTED_BY,UPDATED_BY,INSERTION_DATE,UPDATE_DATE,HOURS_PER_WEEK,LT_CODE) values (373,null,null,null,'ggg',null,to_timestamp('12-JUN-19','DD-MON-RR HH.MI.SSXFF AM'),null,null,null);
Insert into COURSE (ID,CODE,NAME,DESCRIPTION,INSERTED_BY,UPDATED_BY,INSERTION_DATE,UPDATE_DATE,HOURS_PER_WEEK,LT_CODE) values (374,null,null,null,'ggg',null,to_timestamp('12-JUN-19','DD-MON-RR HH.MI.SSXFF AM'),null,null,null);
Insert into COURSE (ID,CODE,NAME,DESCRIPTION,INSERTED_BY,UPDATED_BY,INSERTION_DATE,UPDATE_DATE,HOURS_PER_WEEK,LT_CODE) values (375,null,null,null,'ggg',null,to_timestamp('12-JUN-19','DD-MON-RR HH.MI.SSXFF AM'),null,null,null);
Insert into COURSE (ID,CODE,NAME,DESCRIPTION,INSERTED_BY,UPDATED_BY,INSERTION_DATE,UPDATE_DATE,HOURS_PER_WEEK,LT_CODE) values (376,null,null,null,'ggg',null,to_timestamp('12-JUN-19','DD-MON-RR HH.MI.SSXFF AM'),null,null,null);
Insert into COURSE (ID,CODE,NAME,DESCRIPTION,INSERTED_BY,UPDATED_BY,INSERTION_DATE,UPDATE_DATE,HOURS_PER_WEEK,LT_CODE) values (377,null,null,null,'ggg',null,to_timestamp('12-JUN-19','DD-MON-RR HH.MI.SSXFF AM'),null,null,null);
Insert into COURSE (ID,CODE,NAME,DESCRIPTION,INSERTED_BY,UPDATED_BY,INSERTION_DATE,UPDATE_DATE,HOURS_PER_WEEK,LT_CODE) values (378,null,null,null,'ggg',null,to_timestamp('12-JUN-19','DD-MON-RR HH.MI.SSXFF AM'),null,null,null);
Insert into COURSE (ID,CODE,NAME,DESCRIPTION,INSERTED_BY,UPDATED_BY,INSERTION_DATE,UPDATE_DATE,HOURS_PER_WEEK,LT_CODE) values (379,null,null,null,'ggg',null,to_timestamp('12-JUN-19','DD-MON-RR HH.MI.SSXFF AM'),null,null,null);
Insert into COURSE (ID,CODE,NAME,DESCRIPTION,INSERTED_BY,UPDATED_BY,INSERTION_DATE,UPDATE_DATE,HOURS_PER_WEEK,LT_CODE) values (360,'PHY1045','oscillation and optics',null,'ggg','ggg',to_timestamp('12-JUN-19','DD-MON-RR HH.MI.SSXFF AM'),to_timestamp('12-JUN-19','DD-MON-RR HH.MI.SSXFF AM'),null,'0');
Insert into COURSE (ID,CODE,NAME,DESCRIPTION,INSERTED_BY,UPDATED_BY,INSERTION_DATE,UPDATE_DATE,HOURS_PER_WEEK,LT_CODE) values (361,'PHY103 ','oscillation and optics',null,'ggg','ggg',to_timestamp('12-JUN-19','DD-MON-RR HH.MI.SSXFF AM'),to_timestamp('12-JUN-19','DD-MON-RR HH.MI.SSXFF AM'),null,'0');
REM INSERTING into COURSE_DEPARTMENT
SET DEFINE OFF;
Insert into COURSE_DEPARTMENT (COURSE_CODE,D_CODE) values ('MAT102','CSE');
Insert into COURSE_DEPARTMENT (COURSE_CODE,D_CODE) values (null,'CSE');
Insert into COURSE_DEPARTMENT (COURSE_CODE,D_CODE) values ('MAT101','CSE');
Insert into COURSE_DEPARTMENT (COURSE_CODE,D_CODE) values ('MAT 101','CSE');
Insert into COURSE_DEPARTMENT (COURSE_CODE,D_CODE) values ('PHY 103555','CSE');
Insert into COURSE_DEPARTMENT (COURSE_CODE,D_CODE) values ('PHY 103555 ','CSE');
Insert into COURSE_DEPARTMENT (COURSE_CODE,D_CODE) values ('MPE105','CSE');
Insert into COURSE_DEPARTMENT (COURSE_CODE,D_CODE) values (null,'CSE');
Insert into COURSE_DEPARTMENT (COURSE_CODE,D_CODE) values (null,'CSE');
Insert into COURSE_DEPARTMENT (COURSE_CODE,D_CODE) values (null,'CSE');
Insert into COURSE_DEPARTMENT (COURSE_CODE,D_CODE) values (null,'CSE');
Insert into COURSE_DEPARTMENT (COURSE_CODE,D_CODE) values (null,'CSE');
Insert into COURSE_DEPARTMENT (COURSE_CODE,D_CODE) values (null,'CSE');
Insert into COURSE_DEPARTMENT (COURSE_CODE,D_CODE) values (null,'CSE');
Insert into COURSE_DEPARTMENT (COURSE_CODE,D_CODE) values (null,'CSE');
Insert into COURSE_DEPARTMENT (COURSE_CODE,D_CODE) values (null,'CSE');
Insert into COURSE_DEPARTMENT (COURSE_CODE,D_CODE) values (null,'CSE');
Insert into COURSE_DEPARTMENT (COURSE_CODE,D_CODE) values (null,'CSE');
Insert into COURSE_DEPARTMENT (COURSE_CODE,D_CODE) values ('PHY1045','CSE');
Insert into COURSE_DEPARTMENT (COURSE_CODE,D_CODE) values ('PHY103 ','CSE');
REM INSERTING into COURSE_TEACHING
SET DEFINE OFF;
REM INSERTING into DEGREE
SET DEFINE OFF;
REM INSERTING into DEPARTMENT
SET DEFINE OFF;
Insert into DEPARTMENT (D_ID,CODE,NAME,MANAGER_ID,INSERTED_BY,UPDATED_BY,INSERTION_DATE,UPDATE_DATE) values (141,'CSE','Computer And System',null,'ggg',null,to_timestamp('12-JUN-19','DD-MON-RR HH.MI.SSXFF AM'),null);
REM INSERTING into DEPARTMENT_BUILDING
SET DEFINE OFF;
Insert into DEPARTMENT_BUILDING (ID_BUILDING,CODE_DEPARTMENT) values (45,'EPE');
Insert into DEPARTMENT_BUILDING (ID_BUILDING,CODE_DEPARTMENT) values (65,'CSE');
Insert into DEPARTMENT_BUILDING (ID_BUILDING,CODE_DEPARTMENT) values (45,'EPE');
REM INSERTING into EMPLOYEE
SET DEFINE OFF;
Insert into EMPLOYEE (POSITION,FNAME,SNAME,TNAME,FAMILY_NAME,ID,INSERTED_BY,UPDATED_BY,ISERTED_DATE,UPDATED_DATE,EMAIL,DEP_CODE) values ('PROF','a','b','c','d',290,'ggg','ggg',to_timestamp('12-JUN-19','DD-MON-RR HH.MI.SSXFF AM'),to_timestamp('12-JUN-19','DD-MON-RR HH.MI.SSXFF AM'),'ha12','CSE');
Insert into EMPLOYEE (POSITION,FNAME,SNAME,TNAME,FAMILY_NAME,ID,INSERTED_BY,UPDATED_BY,ISERTED_DATE,UPDATED_DATE,EMAIL,DEP_CODE) values ('PROF','a','b','c','d',291,'ggg','ggg',to_timestamp('12-JUN-19','DD-MON-RR HH.MI.SSXFF AM'),to_timestamp('12-JUN-19','DD-MON-RR HH.MI.SSXFF AM'),'fat132','CSE');
Insert into EMPLOYEE (POSITION,FNAME,SNAME,TNAME,FAMILY_NAME,ID,INSERTED_BY,UPDATED_BY,ISERTED_DATE,UPDATED_DATE,EMAIL,DEP_CODE) values ('PROF','a','b','c','d',292,'ggg','ggg',to_timestamp('12-JUN-19','DD-MON-RR HH.MI.SSXFF AM'),to_timestamp('12-JUN-19','DD-MON-RR HH.MI.SSXFF AM'),'aam00','CSE');
Insert into EMPLOYEE (POSITION,FNAME,SNAME,TNAME,FAMILY_NAME,ID,INSERTED_BY,UPDATED_BY,ISERTED_DATE,UPDATED_DATE,EMAIL,DEP_CODE) values ('PROF','a','b','c','d',288,'ggg','ggg',to_timestamp('12-JUN-19','DD-MON-RR HH.MI.SSXFF AM'),to_timestamp('12-JUN-19','DD-MON-RR HH.MI.SSXFF AM'),'aaas00','CSE');
Insert into EMPLOYEE (POSITION,FNAME,SNAME,TNAME,FAMILY_NAME,ID,INSERTED_BY,UPDATED_BY,ISERTED_DATE,UPDATED_DATE,EMAIL,DEP_CODE) values ('PROF','a','b','c','d',289,'ggg','ggg',to_timestamp('12-JUN-19','DD-MON-RR HH.MI.SSXFF AM'),to_timestamp('12-JUN-19','DD-MON-RR HH.MI.SSXFF AM'),'As010','CSE');
REM INSERTING into EQUIPMENT
SET DEFINE OFF;
Insert into EQUIPMENT (ID,CODE,TYPE,LIFE_SPAN,USING_START_TIME,INERTED_BY,UPDATED_BY,INSERTION_DATE,UPDATE_DATE,LOCATION_ID) values (1,'ws','2','2',null,'ggg',null,to_timestamp('08-JUN-19','DD-MON-RR HH.MI.SSXFF AM'),null,1);
Insert into EQUIPMENT (ID,CODE,TYPE,LIFE_SPAN,USING_START_TIME,INERTED_BY,UPDATED_BY,INSERTION_DATE,UPDATE_DATE,LOCATION_ID) values (3,'wsd','2dddds','21444',null,'ggg','ggg',to_timestamp('08-JUN-19','DD-MON-RR HH.MI.SSXFF AM'),to_timestamp('08-JUN-19','DD-MON-RR HH.MI.SSXFF AM'),1);
Insert into EQUIPMENT (ID,CODE,TYPE,LIFE_SPAN,USING_START_TIME,INERTED_BY,UPDATED_BY,INSERTION_DATE,UPDATE_DATE,LOCATION_ID) values (5,'ytry','yet','45',null,'ggg','ggg',to_timestamp('08-JUN-19','DD-MON-RR HH.MI.SSXFF AM'),to_timestamp('08-JUN-19','DD-MON-RR HH.MI.SSXFF AM'),1);
REM INSERTING into FLOOR
SET DEFINE OFF;
Insert into FLOOR (ID,CODE,DESCRIPTON,ID_BUILDING,LOCATIONS_NUMBER,INSERTED_BY,UPDATED_BY,INSERTION_DATE,UPDATE_DATE) values (43,'hg','fg',45,null,'ggg','ggg',to_timestamp('29-MAY-19','DD-MON-RR HH.MI.SSXFF AM'),to_timestamp('29-MAY-19','DD-MON-RR HH.MI.SSXFF AM'));
Insert into FLOOR (ID,CODE,DESCRIPTON,ID_BUILDING,LOCATIONS_NUMBER,INSERTED_BY,UPDATED_BY,INSERTION_DATE,UPDATE_DATE) values (4,'mech 4th floor',null,4,null,null,null,null,null);
Insert into FLOOR (ID,CODE,DESCRIPTON,ID_BUILDING,LOCATIONS_NUMBER,INSERTED_BY,UPDATED_BY,INSERTION_DATE,UPDATE_DATE) values (61,'xz','x',45,null,'ggg',null,to_timestamp('03-JUN-19','DD-MON-RR HH.MI.SSXFF AM'),null);
Insert into FLOOR (ID,CODE,DESCRIPTON,ID_BUILDING,LOCATIONS_NUMBER,INSERTED_BY,UPDATED_BY,INSERTION_DATE,UPDATE_DATE) values (41,'ff','dsssssssssss',65,null,'ggg','ggg',to_timestamp('29-MAY-19','DD-MON-RR HH.MI.SSXFF AM'),to_timestamp('29-MAY-19','DD-MON-RR HH.MI.SSXFF AM'));
Insert into FLOOR (ID,CODE,DESCRIPTON,ID_BUILDING,LOCATIONS_NUMBER,INSERTED_BY,UPDATED_BY,INSERTION_DATE,UPDATE_DATE) values (3,'elec 3rd floor',null,3,null,null,null,null,null);
Insert into FLOOR (ID,CODE,DESCRIPTON,ID_BUILDING,LOCATIONS_NUMBER,INSERTED_BY,UPDATED_BY,INSERTION_DATE,UPDATE_DATE) values (5,'elec 2nd floor',null,3,null,null,null,null,null);
Insert into FLOOR (ID,CODE,DESCRIPTON,ID_BUILDING,LOCATIONS_NUMBER,INSERTED_BY,UPDATED_BY,INSERTION_DATE,UPDATE_DATE) values (1,'civil 1st floor ',null,1,null,null,null,null,null);
Insert into FLOOR (ID,CODE,DESCRIPTON,ID_BUILDING,LOCATIONS_NUMBER,INSERTED_BY,UPDATED_BY,INSERTION_DATE,UPDATE_DATE) values (2,'arch 2nd floor ',null,2,null,null,null,null,null);
Insert into FLOOR (ID,CODE,DESCRIPTON,ID_BUILDING,LOCATIONS_NUMBER,INSERTED_BY,UPDATED_BY,INSERTION_DATE,UPDATE_DATE) values (6,'elec 1st floor ',null,3,null,null,null,null,null);
Insert into FLOOR (ID,CODE,DESCRIPTON,ID_BUILDING,LOCATIONS_NUMBER,INSERTED_BY,UPDATED_BY,INSERTION_DATE,UPDATE_DATE) values (7,'elec 4th floor',null,3,null,null,null,null,null);
Insert into FLOOR (ID,CODE,DESCRIPTON,ID_BUILDING,LOCATIONS_NUMBER,INSERTED_BY,UPDATED_BY,INSERTION_DATE,UPDATE_DATE) values (8,'civil 2nd floor ',null,1,null,null,null,null,null);
Insert into FLOOR (ID,CODE,DESCRIPTON,ID_BUILDING,LOCATIONS_NUMBER,INSERTED_BY,UPDATED_BY,INSERTION_DATE,UPDATE_DATE) values (9,'civil 3rd floor ',null,1,null,null,null,null,null);
Insert into FLOOR (ID,CODE,DESCRIPTON,ID_BUILDING,LOCATIONS_NUMBER,INSERTED_BY,UPDATED_BY,INSERTION_DATE,UPDATE_DATE) values (10,'civil 4th floor ',null,1,null,null,null,null,null);
Insert into FLOOR (ID,CODE,DESCRIPTON,ID_BUILDING,LOCATIONS_NUMBER,INSERTED_BY,UPDATED_BY,INSERTION_DATE,UPDATE_DATE) values (11,'mech 1st floor ',null,4,null,null,null,null,null);
Insert into FLOOR (ID,CODE,DESCRIPTON,ID_BUILDING,LOCATIONS_NUMBER,INSERTED_BY,UPDATED_BY,INSERTION_DATE,UPDATE_DATE) values (12,'mech 2nd floor ',null,4,null,null,null,null,null);
Insert into FLOOR (ID,CODE,DESCRIPTON,ID_BUILDING,LOCATIONS_NUMBER,INSERTED_BY,UPDATED_BY,INSERTION_DATE,UPDATE_DATE) values (13,'mech 3rd floor ',null,4,null,null,null,null,null);
Insert into FLOOR (ID,CODE,DESCRIPTON,ID_BUILDING,LOCATIONS_NUMBER,INSERTED_BY,UPDATED_BY,INSERTION_DATE,UPDATE_DATE) values (14,'arch 1st floor ',null,2,null,null,null,null,null);
Insert into FLOOR (ID,CODE,DESCRIPTON,ID_BUILDING,LOCATIONS_NUMBER,INSERTED_BY,UPDATED_BY,INSERTION_DATE,UPDATE_DATE) values (15,'arch 3rd floor ',null,2,null,null,null,null,null);
Insert into FLOOR (ID,CODE,DESCRIPTON,ID_BUILDING,LOCATIONS_NUMBER,INSERTED_BY,UPDATED_BY,INSERTION_DATE,UPDATE_DATE) values (16,'arch 4th floor ',null,2,null,null,null,null,null);
Insert into FLOOR (ID,CODE,DESCRIPTON,ID_BUILDING,LOCATIONS_NUMBER,INSERTED_BY,UPDATED_BY,INSERTION_DATE,UPDATE_DATE) values (81,'DDD','XSQS1W',2,null,'ggg',null,to_timestamp('10-JUN-19','DD-MON-RR HH.MI.SSXFF AM'),null);
Insert into FLOOR (ID,CODE,DESCRIPTON,ID_BUILDING,LOCATIONS_NUMBER,INSERTED_BY,UPDATED_BY,INSERTION_DATE,UPDATE_DATE) values (82,'eeee','zccx',45,null,'ggg',null,to_timestamp('10-JUN-19','DD-MON-RR HH.MI.SSXFF AM'),null);
Insert into FLOOR (ID,CODE,DESCRIPTON,ID_BUILDING,LOCATIONS_NUMBER,INSERTED_BY,UPDATED_BY,INSERTION_DATE,UPDATE_DATE) values (83,'wwwf','bdfg',121,null,'ggg',null,to_timestamp('10-JUN-19','DD-MON-RR HH.MI.SSXFF AM'),null);
Insert into FLOOR (ID,CODE,DESCRIPTON,ID_BUILDING,LOCATIONS_NUMBER,INSERTED_BY,UPDATED_BY,INSERTION_DATE,UPDATE_DATE) values (84,'csef','for djksfnjo',65,null,'ggg',null,to_timestamp('10-JUN-19','DD-MON-RR HH.MI.SSXFF AM'),null);
REM INSERTING into GRADE_SCHEDULE
SET DEFINE OFF;
Insert into GRADE_SCHEDULE (SCHEDULECODE,ACADEMIC_YEAR,STUDENTS_NUMBER,ID,DEPARTMENT_CODE,INSERTED_BY,INSERTION_DATE,UPDATED_BY,UBDATE_DATE) values ('fff',2,253,163,'CSE',null,null,null,null);
REM INSERTING into LOCATION
SET DEFINE OFF;
Insert into LOCATION (L_ID,CODE,DESCRIPTION,CAPACITY,TYPE_ID,FLOOR_ID,INSERTED_BY,UPDATED_BY,INSERTION_DATE,UPDATE_DATE) values (58,'t','rew',400,81,43,'ggg','ggg',to_timestamp('11-JUN-19','DD-MON-RR HH.MI.SSXFF AM'),to_timestamp('12-JUN-19','DD-MON-RR HH.MI.SSXFF AM'));
Insert into LOCATION (L_ID,CODE,DESCRIPTION,CAPACITY,TYPE_ID,FLOOR_ID,INSERTED_BY,UPDATED_BY,INSERTION_DATE,UPDATE_DATE) values (59,'b','rew',22,61,84,'ggg',null,to_timestamp('11-JUN-19','DD-MON-RR HH.MI.SSXFF AM'),null);
Insert into LOCATION (L_ID,CODE,DESCRIPTION,CAPACITY,TYPE_ID,FLOOR_ID,INSERTED_BY,UPDATED_BY,INSERTION_DATE,UPDATE_DATE) values (60,'x','rew',280,61,84,'ggg',null,to_timestamp('11-JUN-19','DD-MON-RR HH.MI.SSXFF AM'),null);
Insert into LOCATION (L_ID,CODE,DESCRIPTION,CAPACITY,TYPE_ID,FLOOR_ID,INSERTED_BY,UPDATED_BY,INSERTION_DATE,UPDATE_DATE) values (61,'c','rew',333,61,84,'ggg',null,to_timestamp('11-JUN-19','DD-MON-RR HH.MI.SSXFF AM'),null);
Insert into LOCATION (L_ID,CODE,DESCRIPTION,CAPACITY,TYPE_ID,FLOOR_ID,INSERTED_BY,UPDATED_BY,INSERTION_DATE,UPDATE_DATE) values (62,'d','rew',33,61,84,'ggg',null,to_timestamp('11-JUN-19','DD-MON-RR HH.MI.SSXFF AM'),null);
Insert into LOCATION (L_ID,CODE,DESCRIPTION,CAPACITY,TYPE_ID,FLOOR_ID,INSERTED_BY,UPDATED_BY,INSERTION_DATE,UPDATE_DATE) values (63,'g','rew',700,61,84,'ggg',null,to_timestamp('11-JUN-19','DD-MON-RR HH.MI.SSXFF AM'),null);
Insert into LOCATION (L_ID,CODE,DESCRIPTION,CAPACITY,TYPE_ID,FLOOR_ID,INSERTED_BY,UPDATED_BY,INSERTION_DATE,UPDATE_DATE) values (64,'k','rew',70,61,84,'ggg',null,to_timestamp('11-JUN-19','DD-MON-RR HH.MI.SSXFF AM'),null);
Insert into LOCATION (L_ID,CODE,DESCRIPTION,CAPACITY,TYPE_ID,FLOOR_ID,INSERTED_BY,UPDATED_BY,INSERTION_DATE,UPDATE_DATE) values (65,'n','rew',800,61,84,'ggg',null,to_timestamp('11-JUN-19','DD-MON-RR HH.MI.SSXFF AM'),null);
Insert into LOCATION (L_ID,CODE,DESCRIPTION,CAPACITY,TYPE_ID,FLOOR_ID,INSERTED_BY,UPDATED_BY,INSERTION_DATE,UPDATE_DATE) values (66,'s','rew',300,61,84,'ggg',null,to_timestamp('11-JUN-19','DD-MON-RR HH.MI.SSXFF AM'),null);
Insert into LOCATION (L_ID,CODE,DESCRIPTION,CAPACITY,TYPE_ID,FLOOR_ID,INSERTED_BY,UPDATED_BY,INSERTION_DATE,UPDATE_DATE) values (81,'Q','QQQQ',344,81,84,'ggg',null,to_timestamp('12-JUN-19','DD-MON-RR HH.MI.SSXFF AM'),null);
Insert into LOCATION (L_ID,CODE,DESCRIPTION,CAPACITY,TYPE_ID,FLOOR_ID,INSERTED_BY,UPDATED_BY,INSERTION_DATE,UPDATE_DATE) values (82,'L','LLLL',344,82,84,'ggg',null,to_timestamp('12-JUN-19','DD-MON-RR HH.MI.SSXFF AM'),null);
Insert into LOCATION (L_ID,CODE,DESCRIPTION,CAPACITY,TYPE_ID,FLOOR_ID,INSERTED_BY,UPDATED_BY,INSERTION_DATE,UPDATE_DATE) values (84,'LL','LLLL',344,82,84,'ggg',null,to_timestamp('12-JUN-19','DD-MON-RR HH.MI.SSXFF AM'),null);
Insert into LOCATION (L_ID,CODE,DESCRIPTION,CAPACITY,TYPE_ID,FLOOR_ID,INSERTED_BY,UPDATED_BY,INSERTION_DATE,UPDATE_DATE) values (86,'43','LLLL',250,81,81,'ggg',null,to_timestamp('12-JUN-19','DD-MON-RR HH.MI.SSXFF AM'),null);
Insert into LOCATION (L_ID,CODE,DESCRIPTION,CAPACITY,TYPE_ID,FLOOR_ID,INSERTED_BY,UPDATED_BY,INSERTION_DATE,UPDATE_DATE) values (87,'43RR','RRR',250,82,81,'ggg',null,to_timestamp('12-JUN-19','DD-MON-RR HH.MI.SSXFF AM'),null);
Insert into LOCATION (L_ID,CODE,DESCRIPTION,CAPACITY,TYPE_ID,FLOOR_ID,INSERTED_BY,UPDATED_BY,INSERTION_DATE,UPDATE_DATE) values (88,'43RRU','RRR',250,61,81,'ggg',null,to_timestamp('12-JUN-19','DD-MON-RR HH.MI.SSXFF AM'),null);
Insert into LOCATION (L_ID,CODE,DESCRIPTION,CAPACITY,TYPE_ID,FLOOR_ID,INSERTED_BY,UPDATED_BY,INSERTION_DATE,UPDATE_DATE) values (56,'a','a',300,61,84,'ggg',null,to_timestamp('11-JUN-19','DD-MON-RR HH.MI.SSXFF AM'),null);
REM INSERTING into LOCATION_SLOT
SET DEFINE OFF;
Insert into LOCATION_SLOT (LOCATION_ID,SLOT_ID,SLOT_CODE) values (56,1983,'3');
Insert into LOCATION_SLOT (LOCATION_ID,SLOT_ID,SLOT_CODE) values (81,1984,'4');
Insert into LOCATION_SLOT (LOCATION_ID,SLOT_ID,SLOT_CODE) values (56,1985,'5');
Insert into LOCATION_SLOT (LOCATION_ID,SLOT_ID,SLOT_CODE) values (82,1987,'7');
Insert into LOCATION_SLOT (LOCATION_ID,SLOT_ID,SLOT_CODE) values (56,1988,'8');
Insert into LOCATION_SLOT (LOCATION_ID,SLOT_ID,SLOT_CODE) values (56,1989,'9');
Insert into LOCATION_SLOT (LOCATION_ID,SLOT_ID,SLOT_CODE) values (81,1990,'10');
Insert into LOCATION_SLOT (LOCATION_ID,SLOT_ID,SLOT_CODE) values (56,1991,'11');
Insert into LOCATION_SLOT (LOCATION_ID,SLOT_ID,SLOT_CODE) values (56,1992,'12');
Insert into LOCATION_SLOT (LOCATION_ID,SLOT_ID,SLOT_CODE) values (56,1993,'13');
Insert into LOCATION_SLOT (LOCATION_ID,SLOT_ID,SLOT_CODE) values (56,1994,'14');
Insert into LOCATION_SLOT (LOCATION_ID,SLOT_ID,SLOT_CODE) values (56,1995,'15');
Insert into LOCATION_SLOT (LOCATION_ID,SLOT_ID,SLOT_CODE) values (56,1996,'16');
Insert into LOCATION_SLOT (LOCATION_ID,SLOT_ID,SLOT_CODE) values (56,1997,'17');
Insert into LOCATION_SLOT (LOCATION_ID,SLOT_ID,SLOT_CODE) values (56,1998,'18');
Insert into LOCATION_SLOT (LOCATION_ID,SLOT_ID,SLOT_CODE) values (81,1999,'19');
Insert into LOCATION_SLOT (LOCATION_ID,SLOT_ID,SLOT_CODE) values (82,2000,'20');
Insert into LOCATION_SLOT (LOCATION_ID,SLOT_ID,SLOT_CODE) values (56,1981,'1');
Insert into LOCATION_SLOT (LOCATION_ID,SLOT_ID,SLOT_CODE) values (82,1982,'2');
REM INSERTING into LOCATION_TYPE
SET DEFINE OFF;
Insert into LOCATION_TYPE (T_ID,DESCRIPTION,INSERTED_BY,UPDATED_BY,INSERTION_DATE,UPDATE_DATE,CODE) values (61,'HALL','ggg',null,to_timestamp('11-JUN-19','DD-MON-RR HH.MI.SSXFF AM'),null,'H');
Insert into LOCATION_TYPE (T_ID,DESCRIPTION,INSERTED_BY,UPDATED_BY,INSERTION_DATE,UPDATE_DATE,CODE) values (81,'ROOM','ggg',null,to_timestamp('12-JUN-19','DD-MON-RR HH.MI.SSXFF AM'),null,'R');
Insert into LOCATION_TYPE (T_ID,DESCRIPTION,INSERTED_BY,UPDATED_BY,INSERTION_DATE,UPDATE_DATE,CODE) values (82,'LAB','ggg',null,to_timestamp('12-JUN-19','DD-MON-RR HH.MI.SSXFF AM'),null,'L');
REM INSERTING into ROLE
SET DEFINE OFF;
Insert into ROLE (ROLEID,CODE,DESCRIPTION,INSERTED_BY,INSERTION_DATE,UPDATE_DATE,UPDATED_BY) values (81,'aa','Admin Role','ggg',null,null,null);
Insert into ROLE (ROLEID,CODE,DESCRIPTION,INSERTED_BY,INSERTION_DATE,UPDATE_DATE,UPDATED_BY) values (82,'ee','Employee Role','ggg',to_timestamp('13-JUN-19','DD-MON-RR HH.MI.SSXFF AM'),null,null);
REM INSERTING into ROLE_SCREEN
SET DEFINE OFF;
Insert into ROLE_SCREEN (ROLEID,SCREENID,PERMISSIONTYPE) values (81,3,15);
Insert into ROLE_SCREEN (ROLEID,SCREENID,PERMISSIONTYPE) values (81,4,15);
Insert into ROLE_SCREEN (ROLEID,SCREENID,PERMISSIONTYPE) values (81,5,15);
Insert into ROLE_SCREEN (ROLEID,SCREENID,PERMISSIONTYPE) values (81,6,15);
Insert into ROLE_SCREEN (ROLEID,SCREENID,PERMISSIONTYPE) values (81,7,15);
Insert into ROLE_SCREEN (ROLEID,SCREENID,PERMISSIONTYPE) values (81,8,15);
Insert into ROLE_SCREEN (ROLEID,SCREENID,PERMISSIONTYPE) values (81,9,15);
Insert into ROLE_SCREEN (ROLEID,SCREENID,PERMISSIONTYPE) values (81,10,15);
Insert into ROLE_SCREEN (ROLEID,SCREENID,PERMISSIONTYPE) values (81,11,15);
Insert into ROLE_SCREEN (ROLEID,SCREENID,PERMISSIONTYPE) values (81,12,15);
Insert into ROLE_SCREEN (ROLEID,SCREENID,PERMISSIONTYPE) values (81,13,15);
Insert into ROLE_SCREEN (ROLEID,SCREENID,PERMISSIONTYPE) values (81,14,15);
Insert into ROLE_SCREEN (ROLEID,SCREENID,PERMISSIONTYPE) values (82,2,15);
Insert into ROLE_SCREEN (ROLEID,SCREENID,PERMISSIONTYPE) values (82,1,2);
Insert into ROLE_SCREEN (ROLEID,SCREENID,PERMISSIONTYPE) values (82,14,5);
Insert into ROLE_SCREEN (ROLEID,SCREENID,PERMISSIONTYPE) values (82,13,3);
Insert into ROLE_SCREEN (ROLEID,SCREENID,PERMISSIONTYPE) values (82,12,2);
Insert into ROLE_SCREEN (ROLEID,SCREENID,PERMISSIONTYPE) values (82,11,6);
Insert into ROLE_SCREEN (ROLEID,SCREENID,PERMISSIONTYPE) values (82,10,9);
Insert into ROLE_SCREEN (ROLEID,SCREENID,PERMISSIONTYPE) values (82,9,2);
Insert into ROLE_SCREEN (ROLEID,SCREENID,PERMISSIONTYPE) values (82,8,4);
Insert into ROLE_SCREEN (ROLEID,SCREENID,PERMISSIONTYPE) values (82,7,1);
Insert into ROLE_SCREEN (ROLEID,SCREENID,PERMISSIONTYPE) values (82,6,4);
Insert into ROLE_SCREEN (ROLEID,SCREENID,PERMISSIONTYPE) values (82,5,1);
Insert into ROLE_SCREEN (ROLEID,SCREENID,PERMISSIONTYPE) values (82,4,0);
Insert into ROLE_SCREEN (ROLEID,SCREENID,PERMISSIONTYPE) values (82,3,0);
Insert into ROLE_SCREEN (ROLEID,SCREENID,PERMISSIONTYPE) values (81,1,15);
Insert into ROLE_SCREEN (ROLEID,SCREENID,PERMISSIONTYPE) values (81,2,15);
REM INSERTING into SCREEN
SET DEFINE OFF;
Insert into SCREEN (SCREENID,DESCRIPTION) values (1,'Building');
Insert into SCREEN (SCREENID,DESCRIPTION) values (2,'Floor');
Insert into SCREEN (SCREENID,DESCRIPTION) values (3,'Location Type');
Insert into SCREEN (SCREENID,DESCRIPTION) values (4,'Department');
Insert into SCREEN (SCREENID,DESCRIPTION) values (5,'Course');
Insert into SCREEN (SCREENID,DESCRIPTION) values (6,'Employee');
Insert into SCREEN (SCREENID,DESCRIPTION) values (7,'Equipment');
Insert into SCREEN (SCREENID,DESCRIPTION) values (8,'User');
Insert into SCREEN (SCREENID,DESCRIPTION) values (9,'Role');
Insert into SCREEN (SCREENID,DESCRIPTION) values (10,'Screen_Role Assignment');
Insert into SCREEN (SCREENID,DESCRIPTION) values (11,'Master Locations');
Insert into SCREEN (SCREENID,DESCRIPTION) values (12,'Location Manual Assignment');
Insert into SCREEN (SCREENID,DESCRIPTION) values (13,'Location Auto Assignment');
Insert into SCREEN (SCREENID,DESCRIPTION) values (14,'Table');
Insert into SCREEN (SCREENID,DESCRIPTION) values (15,'report');
Insert into SCREEN (SCREENID,DESCRIPTION) values (16,'about');
REM INSERTING into SLOT
SET DEFINE OFF;
Insert into SLOT (ID,COURSE_CODE,STAFF_EMAIL,STAFF_EMAIL2,CODE,TYPE,PREFSPACE,S_CODE) values (1981,'PHY1045','aaas00',null,1,'Lecture','HALL','fff');
Insert into SLOT (ID,COURSE_CODE,STAFF_EMAIL,STAFF_EMAIL2,CODE,TYPE,PREFSPACE,S_CODE) values (1982,'PHY103 ','As010',null,2,'Section','LAB','fff');
Insert into SLOT (ID,COURSE_CODE,STAFF_EMAIL,STAFF_EMAIL2,CODE,TYPE,PREFSPACE,S_CODE) values (1983,'PHY103 ','ha12',null,3,'Lecture','HALL','fff');
Insert into SLOT (ID,COURSE_CODE,STAFF_EMAIL,STAFF_EMAIL2,CODE,TYPE,PREFSPACE,S_CODE) values (1984,'MAT102','fat132',null,4,'Section','ROOM','fff');
Insert into SLOT (ID,COURSE_CODE,STAFF_EMAIL,STAFF_EMAIL2,CODE,TYPE,PREFSPACE,S_CODE) values (1985,'PHY103 ','aam00',null,5,'Lecture','HALL','fff');
Insert into SLOT (ID,COURSE_CODE,STAFF_EMAIL,STAFF_EMAIL2,CODE,TYPE,PREFSPACE,S_CODE) values (1987,'MAT101','ha12',null,7,'Lecture','LAB','fff');
Insert into SLOT (ID,COURSE_CODE,STAFF_EMAIL,STAFF_EMAIL2,CODE,TYPE,PREFSPACE,S_CODE) values (1988,'MAT 101','fat132',null,8,'Section','HALL','fff');
Insert into SLOT (ID,COURSE_CODE,STAFF_EMAIL,STAFF_EMAIL2,CODE,TYPE,PREFSPACE,S_CODE) values (1989,'PHY 103555','aam00',null,9,'Lecture','HALL','fff');
Insert into SLOT (ID,COURSE_CODE,STAFF_EMAIL,STAFF_EMAIL2,CODE,TYPE,PREFSPACE,S_CODE) values (1990,'PHY 103555 ','As010',null,10,'Section','ROOM','fff');
Insert into SLOT (ID,COURSE_CODE,STAFF_EMAIL,STAFF_EMAIL2,CODE,TYPE,PREFSPACE,S_CODE) values (1991,'PHY 103555','ha12',null,11,'Lecture','HALL','fff');
Insert into SLOT (ID,COURSE_CODE,STAFF_EMAIL,STAFF_EMAIL2,CODE,TYPE,PREFSPACE,S_CODE) values (1992,'PHY 103555','fat132',null,12,'Section','HALL','fff');
Insert into SLOT (ID,COURSE_CODE,STAFF_EMAIL,STAFF_EMAIL2,CODE,TYPE,PREFSPACE,S_CODE) values (1993,'PHY103 ','aam00',null,13,'Lecture','HALL','fff');
Insert into SLOT (ID,COURSE_CODE,STAFF_EMAIL,STAFF_EMAIL2,CODE,TYPE,PREFSPACE,S_CODE) values (1994,'PHY103 ','As010',null,14,'Section','HALL','fff');
Insert into SLOT (ID,COURSE_CODE,STAFF_EMAIL,STAFF_EMAIL2,CODE,TYPE,PREFSPACE,S_CODE) values (1995,'MPE105','ha12',null,15,'Lecture','HALL','fff');
Insert into SLOT (ID,COURSE_CODE,STAFF_EMAIL,STAFF_EMAIL2,CODE,TYPE,PREFSPACE,S_CODE) values (1996,'MAT 101','fat132',null,16,'Section','HALL','fff');
Insert into SLOT (ID,COURSE_CODE,STAFF_EMAIL,STAFF_EMAIL2,CODE,TYPE,PREFSPACE,S_CODE) values (1997,'PHY103 ','aam00',null,17,'Lecture','HALL','fff');
Insert into SLOT (ID,COURSE_CODE,STAFF_EMAIL,STAFF_EMAIL2,CODE,TYPE,PREFSPACE,S_CODE) values (1998,'PHY103 ','As010',null,18,'Section','HALL','fff');
Insert into SLOT (ID,COURSE_CODE,STAFF_EMAIL,STAFF_EMAIL2,CODE,TYPE,PREFSPACE,S_CODE) values (1999,'MPE105','ha12',null,19,'Lecture','ROOM','fff');
Insert into SLOT (ID,COURSE_CODE,STAFF_EMAIL,STAFF_EMAIL2,CODE,TYPE,PREFSPACE,S_CODE) values (2000,'MAT 101','fat132',null,20,'Section','LAB','fff');
REM INSERTING into USERS
SET DEFINE OFF;
Insert into USERS (USERNAME,PASSWORD,ROLE_ID,INSERTION_DATE,UPDATE_DATE,INSERTED_BY,UPDATED_BY,ID,EMP_ID,EMAIL) values ('kj','771f01104d905386a134a676167edccc',1,to_timestamp('06-MAY-19','DD-MON-RR HH.MI.SSXFF AM'),to_timestamp('06-MAY-19','DD-MON-RR HH.MI.SSXFF AM'),'hassan','hassan',194,23,'kj@');
Insert into USERS (USERNAME,PASSWORD,ROLE_ID,INSERTION_DATE,UPDATE_DATE,INSERTED_BY,UPDATED_BY,ID,EMP_ID,EMAIL) values ('ggg','ba248c985ace94863880921d8900c53f',81,to_timestamp('06-MAY-19','DD-MON-RR HH.MI.SSXFF AM'),to_timestamp('06-MAY-19','DD-MON-RR HH.MI.SSXFF AM'),'hassan','hassan',195,22,'ggg');
Insert into USERS (USERNAME,PASSWORD,ROLE_ID,INSERTION_DATE,UPDATE_DATE,INSERTED_BY,UPDATED_BY,ID,EMP_ID,EMAIL) values ('ho@fayoum.edu','4eae18cf9e54a0f62b44176d074cbe2f',2,to_timestamp('06-MAY-19','DD-MON-RR HH.MI.SSXFF AM'),to_timestamp('07-MAY-19','DD-MON-RR HH.MI.SSXFF AM'),'hassan','ho@fayoum.edu',193,21,'ho@fayoum.edu');
Insert into USERS (USERNAME,PASSWORD,ROLE_ID,INSERTION_DATE,UPDATE_DATE,INSERTED_BY,UPDATED_BY,ID,EMP_ID,EMAIL) values ('qaz','7694f4a66316e53c8cdd9d9954bd611d',21,to_timestamp('14-MAY-19','DD-MON-RR HH.MI.SSXFF AM'),to_timestamp('19-MAY-19','DD-MON-RR HH.MI.SSXFF AM'),'ggg','ggg',233,135,'dssd');
Insert into USERS (USERNAME,PASSWORD,ROLE_ID,INSERTION_DATE,UPDATE_DATE,INSERTED_BY,UPDATED_BY,ID,EMP_ID,EMAIL) values ('hh','5e36941b3d856737e81516acd45edc50',1,to_timestamp('14-MAY-19','DD-MON-RR HH.MI.SSXFF AM'),to_timestamp('14-MAY-19','DD-MON-RR HH.MI.SSXFF AM'),'ggg','ggg',234,135,'ho1138@fayoum.edu.eg');
Insert into USERS (USERNAME,PASSWORD,ROLE_ID,INSERTION_DATE,UPDATE_DATE,INSERTED_BY,UPDATED_BY,ID,EMP_ID,EMAIL) values ('q','7694f4a66316e53c8cdd9d9954bd611d',1,to_timestamp('19-MAY-19','DD-MON-RR HH.MI.SSXFF AM'),to_timestamp('19-MAY-19','DD-MON-RR HH.MI.SSXFF AM'),'ggg','ggg',253,135,'minaraouf1997@yahoo.com');
Insert into USERS (USERNAME,PASSWORD,ROLE_ID,INSERTION_DATE,UPDATE_DATE,INSERTED_BY,UPDATED_BY,ID,EMP_ID,EMAIL) values ('df','86d8d92aba9ecf9bbf89f69cb3e49588',1,to_timestamp('21-MAY-19','DD-MON-RR HH.MI.SSXFF AM'),to_timestamp('21-MAY-19','DD-MON-RR HH.MI.SSXFF AM'),'ggg','ggg',254,135,'ASSS@FAYOUM.EDU,');
Insert into USERS (USERNAME,PASSWORD,ROLE_ID,INSERTION_DATE,UPDATE_DATE,INSERTED_BY,UPDATED_BY,ID,EMP_ID,EMAIL) values ('ggg','ba248c985ace94863880921d8900c53f',81,to_timestamp('06-MAY-19','DD-MON-RR HH.MI.SSXFF AM'),to_timestamp('06-MAY-19','DD-MON-RR HH.MI.SSXFF AM'),'hassan','hassan',195,22,'ggg');
Insert into USERS (USERNAME,PASSWORD,ROLE_ID,INSERTION_DATE,UPDATE_DATE,INSERTED_BY,UPDATED_BY,ID,EMP_ID,EMAIL) values ('sss','8d1d4357e1e1c6b3e4ea6df4ff01fede',1,to_timestamp('06-JUN-19','DD-MON-RR HH.MI.SSXFF AM'),null,'ggg',null,293,261,'h.o.hassan.mahmoud@gmail.com');
Insert into USERS (USERNAME,PASSWORD,ROLE_ID,INSERTION_DATE,UPDATE_DATE,INSERTED_BY,UPDATED_BY,ID,EMP_ID,EMAIL) values ('kj','771f01104d905386a134a676167edccc',1,to_timestamp('06-MAY-19','DD-MON-RR HH.MI.SSXFF AM'),to_timestamp('06-MAY-19','DD-MON-RR HH.MI.SSXFF AM'),'hassan','hassan',194,23,'kj@');
Insert into USERS (USERNAME,PASSWORD,ROLE_ID,INSERTION_DATE,UPDATE_DATE,INSERTED_BY,UPDATED_BY,ID,EMP_ID,EMAIL) values ('ho@fayoum.edu','4eae18cf9e54a0f62b44176d074cbe2f',2,to_timestamp('06-MAY-19','DD-MON-RR HH.MI.SSXFF AM'),to_timestamp('07-MAY-19','DD-MON-RR HH.MI.SSXFF AM'),'hassan','ho@fayoum.edu',193,21,'ho@fayoum.edu');
Insert into USERS (USERNAME,PASSWORD,ROLE_ID,INSERTION_DATE,UPDATE_DATE,INSERTED_BY,UPDATED_BY,ID,EMP_ID,EMAIL) values ('qaz','7694f4a66316e53c8cdd9d9954bd611d',21,to_timestamp('14-MAY-19','DD-MON-RR HH.MI.SSXFF AM'),to_timestamp('19-MAY-19','DD-MON-RR HH.MI.SSXFF AM'),'ggg','ggg',233,135,'dssd');
Insert into USERS (USERNAME,PASSWORD,ROLE_ID,INSERTION_DATE,UPDATE_DATE,INSERTED_BY,UPDATED_BY,ID,EMP_ID,EMAIL) values ('hh','5e36941b3d856737e81516acd45edc50',1,to_timestamp('14-MAY-19','DD-MON-RR HH.MI.SSXFF AM'),to_timestamp('14-MAY-19','DD-MON-RR HH.MI.SSXFF AM'),'ggg','ggg',234,135,'ho1138@fayoum.edu.eg');
Insert into USERS (USERNAME,PASSWORD,ROLE_ID,INSERTION_DATE,UPDATE_DATE,INSERTED_BY,UPDATED_BY,ID,EMP_ID,EMAIL) values ('q','7694f4a66316e53c8cdd9d9954bd611d',1,to_timestamp('19-MAY-19','DD-MON-RR HH.MI.SSXFF AM'),to_timestamp('19-MAY-19','DD-MON-RR HH.MI.SSXFF AM'),'ggg','ggg',253,135,'minaraouf1997@yahoo.com');
Insert into USERS (USERNAME,PASSWORD,ROLE_ID,INSERTION_DATE,UPDATE_DATE,INSERTED_BY,UPDATED_BY,ID,EMP_ID,EMAIL) values ('df','86d8d92aba9ecf9bbf89f69cb3e49588',1,to_timestamp('21-MAY-19','DD-MON-RR HH.MI.SSXFF AM'),to_timestamp('21-MAY-19','DD-MON-RR HH.MI.SSXFF AM'),'ggg','ggg',254,135,'ASSS@FAYOUM.EDU,');
--------------------------------------------------------
--  DDL for Index BUILDING_PK
--------------------------------------------------------

  CREATE UNIQUE INDEX "BUILDING_PK" ON "BUILDING" ("B_ID") 
  PCTFREE 10 INITRANS 2 MAXTRANS 255 COMPUTE STATISTICS 
  STORAGE(INITIAL 65536 NEXT 1048576 MINEXTENTS 1 MAXEXTENTS 2147483645
  PCTINCREASE 0 FREELISTS 1 FREELIST GROUPS 1 BUFFER_POOL DEFAULT FLASH_CACHE DEFAULT CELL_FLASH_CACHE DEFAULT)
  TABLESPACE "SYSTEM" ;
/
--------------------------------------------------------
--  DDL for Index BUILDING_UK1
--------------------------------------------------------

  CREATE UNIQUE INDEX "BUILDING_UK1" ON "BUILDING" ("CODE") 
  PCTFREE 10 INITRANS 2 MAXTRANS 255 COMPUTE STATISTICS 
  STORAGE(INITIAL 65536 NEXT 1048576 MINEXTENTS 1 MAXEXTENTS 2147483645
  PCTINCREASE 0 FREELISTS 1 FREELIST GROUPS 1 BUFFER_POOL DEFAULT FLASH_CACHE DEFAULT CELL_FLASH_CACHE DEFAULT)
  TABLESPACE "SYSTEM" ;
/
--------------------------------------------------------
--  DDL for Index COURSE_PK
--------------------------------------------------------

  CREATE UNIQUE INDEX "COURSE_PK" ON "COURSE" ("ID") 
  PCTFREE 10 INITRANS 2 MAXTRANS 255 COMPUTE STATISTICS 
  STORAGE(INITIAL 65536 NEXT 1048576 MINEXTENTS 1 MAXEXTENTS 2147483645
  PCTINCREASE 0 FREELISTS 1 FREELIST GROUPS 1 BUFFER_POOL DEFAULT FLASH_CACHE DEFAULT CELL_FLASH_CACHE DEFAULT)
  TABLESPACE "SYSTEM" ;
/
--------------------------------------------------------
--  DDL for Index COURSE_TEACHING_UK1
--------------------------------------------------------

  CREATE UNIQUE INDEX "COURSE_TEACHING_UK1" ON "COURSE_TEACHING" ("STAFF_ID", "COURSE_ID") 
  PCTFREE 10 INITRANS 2 MAXTRANS 255 COMPUTE STATISTICS 
  STORAGE(INITIAL 65536 NEXT 1048576 MINEXTENTS 1 MAXEXTENTS 2147483645
  PCTINCREASE 0 FREELISTS 1 FREELIST GROUPS 1 BUFFER_POOL DEFAULT FLASH_CACHE DEFAULT CELL_FLASH_CACHE DEFAULT)
  TABLESPACE "SYSTEM" ;
/
--------------------------------------------------------
--  DDL for Index COURSE_UK1
--------------------------------------------------------

  CREATE UNIQUE INDEX "COURSE_UK1" ON "COURSE" ("CODE") 
  PCTFREE 10 INITRANS 2 MAXTRANS 255 COMPUTE STATISTICS 
  STORAGE(INITIAL 65536 NEXT 1048576 MINEXTENTS 1 MAXEXTENTS 2147483645
  PCTINCREASE 0 FREELISTS 1 FREELIST GROUPS 1 BUFFER_POOL DEFAULT FLASH_CACHE DEFAULT CELL_FLASH_CACHE DEFAULT)
  TABLESPACE "SYSTEM" ;
/
--------------------------------------------------------
--  DDL for Index DEPARTMENT_PK
--------------------------------------------------------

  CREATE UNIQUE INDEX "DEPARTMENT_PK" ON "DEPARTMENT" ("D_ID") 
  PCTFREE 10 INITRANS 2 MAXTRANS 255 COMPUTE STATISTICS 
  STORAGE(INITIAL 65536 NEXT 1048576 MINEXTENTS 1 MAXEXTENTS 2147483645
  PCTINCREASE 0 FREELISTS 1 FREELIST GROUPS 1 BUFFER_POOL DEFAULT FLASH_CACHE DEFAULT CELL_FLASH_CACHE DEFAULT)
  TABLESPACE "SYSTEM" ;
/
--------------------------------------------------------
--  DDL for Index DEPARTMENT_UK1
--------------------------------------------------------

  CREATE UNIQUE INDEX "DEPARTMENT_UK1" ON "DEPARTMENT" ("CODE") 
  PCTFREE 10 INITRANS 2 MAXTRANS 255 COMPUTE STATISTICS 
  STORAGE(INITIAL 65536 NEXT 1048576 MINEXTENTS 1 MAXEXTENTS 2147483645
  PCTINCREASE 0 FREELISTS 1 FREELIST GROUPS 1 BUFFER_POOL DEFAULT FLASH_CACHE DEFAULT CELL_FLASH_CACHE DEFAULT)
  TABLESPACE "SYSTEM" ;
/
--------------------------------------------------------
--  DDL for Index DEPARTMENT_UK2
--------------------------------------------------------

  CREATE UNIQUE INDEX "DEPARTMENT_UK2" ON "DEPARTMENT" ("MANAGER_ID") 
  PCTFREE 10 INITRANS 2 MAXTRANS 255 COMPUTE STATISTICS 
  STORAGE(INITIAL 65536 NEXT 1048576 MINEXTENTS 1 MAXEXTENTS 2147483645
  PCTINCREASE 0 FREELISTS 1 FREELIST GROUPS 1 BUFFER_POOL DEFAULT FLASH_CACHE DEFAULT CELL_FLASH_CACHE DEFAULT)
  TABLESPACE "SYSTEM" ;
/
--------------------------------------------------------
--  DDL for Index EQUIPMENT_PK
--------------------------------------------------------

  CREATE UNIQUE INDEX "EQUIPMENT_PK" ON "EQUIPMENT" ("ID") 
  PCTFREE 10 INITRANS 2 MAXTRANS 255 COMPUTE STATISTICS 
  STORAGE(INITIAL 65536 NEXT 1048576 MINEXTENTS 1 MAXEXTENTS 2147483645
  PCTINCREASE 0 FREELISTS 1 FREELIST GROUPS 1 BUFFER_POOL DEFAULT FLASH_CACHE DEFAULT CELL_FLASH_CACHE DEFAULT)
  TABLESPACE "SYSTEM" ;
/
--------------------------------------------------------
--  DDL for Index EQUIPMENT_UK1
--------------------------------------------------------

  CREATE UNIQUE INDEX "EQUIPMENT_UK1" ON "EQUIPMENT" ("CODE") 
  PCTFREE 10 INITRANS 2 MAXTRANS 255 COMPUTE STATISTICS 
  STORAGE(INITIAL 65536 NEXT 1048576 MINEXTENTS 1 MAXEXTENTS 2147483645
  PCTINCREASE 0 FREELISTS 1 FREELIST GROUPS 1 BUFFER_POOL DEFAULT FLASH_CACHE DEFAULT CELL_FLASH_CACHE DEFAULT)
  TABLESPACE "SYSTEM" ;
/
--------------------------------------------------------
--  DDL for Index FLOOR_PK
--------------------------------------------------------

  CREATE UNIQUE INDEX "FLOOR_PK" ON "FLOOR" ("ID") 
  PCTFREE 10 INITRANS 2 MAXTRANS 255 COMPUTE STATISTICS 
  STORAGE(INITIAL 65536 NEXT 1048576 MINEXTENTS 1 MAXEXTENTS 2147483645
  PCTINCREASE 0 FREELISTS 1 FREELIST GROUPS 1 BUFFER_POOL DEFAULT FLASH_CACHE DEFAULT CELL_FLASH_CACHE DEFAULT)
  TABLESPACE "SYSTEM" ;
/
--------------------------------------------------------
--  DDL for Index FLOOR_UK1
--------------------------------------------------------

  CREATE UNIQUE INDEX "FLOOR_UK1" ON "FLOOR" ("CODE") 
  PCTFREE 10 INITRANS 2 MAXTRANS 255 COMPUTE STATISTICS 
  STORAGE(INITIAL 65536 NEXT 1048576 MINEXTENTS 1 MAXEXTENTS 2147483645
  PCTINCREASE 0 FREELISTS 1 FREELIST GROUPS 1 BUFFER_POOL DEFAULT FLASH_CACHE DEFAULT CELL_FLASH_CACHE DEFAULT)
  TABLESPACE "SYSTEM" ;
/
--------------------------------------------------------
--  DDL for Index GRADE_SCHEDULE_PK
--------------------------------------------------------

  CREATE UNIQUE INDEX "GRADE_SCHEDULE_PK" ON "GRADE_SCHEDULE" ("SCHEDULECODE") 
  PCTFREE 10 INITRANS 2 MAXTRANS 255 COMPUTE STATISTICS 
  STORAGE(INITIAL 65536 NEXT 1048576 MINEXTENTS 1 MAXEXTENTS 2147483645
  PCTINCREASE 0 FREELISTS 1 FREELIST GROUPS 1 BUFFER_POOL DEFAULT FLASH_CACHE DEFAULT CELL_FLASH_CACHE DEFAULT)
  TABLESPACE "SYSTEM" ;
/
--------------------------------------------------------
--  DDL for Index LOCATION_PK
--------------------------------------------------------

  CREATE UNIQUE INDEX "LOCATION_PK" ON "LOCATION" ("L_ID") 
  PCTFREE 10 INITRANS 2 MAXTRANS 255 COMPUTE STATISTICS 
  STORAGE(INITIAL 65536 NEXT 1048576 MINEXTENTS 1 MAXEXTENTS 2147483645
  PCTINCREASE 0 FREELISTS 1 FREELIST GROUPS 1 BUFFER_POOL DEFAULT FLASH_CACHE DEFAULT CELL_FLASH_CACHE DEFAULT)
  TABLESPACE "SYSTEM" ;
/
--------------------------------------------------------
--  DDL for Index LOCATION_TYPE_PK
--------------------------------------------------------

  CREATE UNIQUE INDEX "LOCATION_TYPE_PK" ON "LOCATION_TYPE" ("T_ID") 
  PCTFREE 10 INITRANS 2 MAXTRANS 255 COMPUTE STATISTICS 
  STORAGE(INITIAL 65536 NEXT 1048576 MINEXTENTS 1 MAXEXTENTS 2147483645
  PCTINCREASE 0 FREELISTS 1 FREELIST GROUPS 1 BUFFER_POOL DEFAULT FLASH_CACHE DEFAULT CELL_FLASH_CACHE DEFAULT)
  TABLESPACE "SYSTEM" ;
/
--------------------------------------------------------
--  DDL for Index LOCATION_UK1
--------------------------------------------------------

  CREATE UNIQUE INDEX "LOCATION_UK1" ON "LOCATION" ("CODE") 
  PCTFREE 10 INITRANS 2 MAXTRANS 255 COMPUTE STATISTICS 
  STORAGE(INITIAL 65536 NEXT 1048576 MINEXTENTS 1 MAXEXTENTS 2147483645
  PCTINCREASE 0 FREELISTS 1 FREELIST GROUPS 1 BUFFER_POOL DEFAULT FLASH_CACHE DEFAULT CELL_FLASH_CACHE DEFAULT)
  TABLESPACE "SYSTEM" ;
/
--------------------------------------------------------
--  DDL for Index SCREEN_PK
--------------------------------------------------------

  CREATE UNIQUE INDEX "SCREEN_PK" ON "SCREEN" ("SCREENID") 
  PCTFREE 10 INITRANS 2 MAXTRANS 255 COMPUTE STATISTICS 
  STORAGE(INITIAL 65536 NEXT 1048576 MINEXTENTS 1 MAXEXTENTS 2147483645
  PCTINCREASE 0 FREELISTS 1 FREELIST GROUPS 1 BUFFER_POOL DEFAULT FLASH_CACHE DEFAULT CELL_FLASH_CACHE DEFAULT)
  TABLESPACE "SYSTEM" ;
/
--------------------------------------------------------
--  DDL for Index SLOT_PK
--------------------------------------------------------

  CREATE UNIQUE INDEX "SLOT_PK" ON "SLOT" ("ID") 
  PCTFREE 10 INITRANS 2 MAXTRANS 255 COMPUTE STATISTICS 
  STORAGE(INITIAL 65536 NEXT 1048576 MINEXTENTS 1 MAXEXTENTS 2147483645
  PCTINCREASE 0 FREELISTS 1 FREELIST GROUPS 1 BUFFER_POOL DEFAULT FLASH_CACHE DEFAULT CELL_FLASH_CACHE DEFAULT)
  TABLESPACE "SYSTEM" ;
/
--------------------------------------------------------
--  Constraints for Table USERS
--------------------------------------------------------

  ALTER TABLE "USERS" MODIFY ("PASSWORD" NOT NULL ENABLE);
/
